condition,size,n,recall_pct
baseline,large,100,91.0
baseline,medium,94,67.02127659574468
baseline,small,150,25.333333333333336
blur_5px,large,100,91.0
blur_5px,medium,94,62.76595744680851
blur_5px,small,150,11.333333333333332
blur_9px,large,100,86.0
blur_9px,medium,94,43.61702127659575
blur_9px,small,150,6.0
blur_15px,large,100,79.0
blur_15px,medium,94,13.829787234042554
blur_15px,small,150,0.6666666666666667
blur_25px,large,100,56.99999999999999
blur_25px,medium,94,3.1914893617021276
blur_25px,small,150,0.0
gain_x1.5,large,100,92.0
gain_x1.5,medium,94,62.76595744680851
gain_x1.5,small,150,24.0
gain_x2.5,large,100,86.0
gain_x2.5,medium,94,56.38297872340425
gain_x2.5,small,150,18.666666666666668
gain_x4,large,100,62.0
gain_x4,medium,94,29.78723404255319
gain_x4,small,150,11.333333333333332
